,Count,Division,coin,exchange
coin,"[  9  28   4  67  79  79 129  74 103 116 151  43   6   0   0   7  15  58
  95  92  71 102  13   1   2   3   3  10   6   6]","[ 5777.          5865.66333333  5954.32666667  6042.99        6131.65333333
  6220.31666667  6308.98        6397.64333333  6486.30666667  6574.97
  6663.63333333  6752.29666667  6840.96        6929.62333333  7018.28666667
  7106.95        7195.61333333  7284.27666667  7372.94        7461.60333333
  7550.26666667  7638.93        7727.59333333  7816.25666667  7904.92
  7993.58333333  8082.24666667  8170.91        8259.57333333  8348.23666667
  8436.9       ]",BTC,Bitfinex
exchange,"[  9  28   4  67  79  79 129  74 103 116 151  43   6   0   0   7  15  58
  95  92  71 102  13   1   2   3   3  10   6   6]","[ 5777.          5865.66333333  5954.32666667  6042.99        6131.65333333
  6220.31666667  6308.98        6397.64333333  6486.30666667  6574.97
  6663.63333333  6752.29666667  6840.96        6929.62333333  7018.28666667
  7106.95        7195.61333333  7284.27666667  7372.94        7461.60333333
  7550.26666667  7638.93        7727.59333333  7816.25666667  7904.92
  7993.58333333  8082.24666667  8170.91        8259.57333333  8348.23666667
  8436.9       ]",BTC,Bitfinex
