,Count,Division,coin,exchange
coin,"[48 10  2  3  2  1  1  3  0  0  3  2  4  1  2  2  1  1  0  2  1  0  0  0  1
  0  1  0  0  1]","[   212.63          763.97566667   1315.32133333   1866.667        2418.01266667
   2969.35833333   3520.704        4072.04966667   4623.39533333   5174.741
   5726.08666667   6277.43233333   6828.778        7380.12366667
   7931.46933333   8482.815        9034.16066667   9585.50633333  10136.852
  10688.19766667  11239.54333333  11790.889       12342.23466667
  12893.58033333  13444.926       13996.27166667  14547.61733333  15098.963
  15650.30866667  16201.65433333  16753.        ]",BTC,Bitfinex
exchange,"[48 10  2  3  2  1  1  3  0  0  3  2  4  1  2  2  1  1  0  2  1  0  0  0  1
  0  1  0  0  1]","[   212.63          763.97566667   1315.32133333   1866.667        2418.01266667
   2969.35833333   3520.704        4072.04966667   4623.39533333   5174.741
   5726.08666667   6277.43233333   6828.778        7380.12366667
   7931.46933333   8482.815        9034.16066667   9585.50633333  10136.852
  10688.19766667  11239.54333333  11790.889       12342.23466667
  12893.58033333  13444.926       13996.27166667  14547.61733333  15098.963
  15650.30866667  16201.65433333  16753.        ]",BTC,Bitfinex
