,Count,Division,coin,exchange
coin,"[688 124  26  56  18  18  41   5  16  31  36  34  34  28  21  15   9  20
   1   2   5   6   6   6   3   5   4   2   0   3]","[   212.63          845.87566667   1479.12133333   2112.367        2745.61266667
   3378.85833333   4012.104        4645.34966667   5278.59533333   5911.841
   6545.08666667   7178.33233333   7811.578        8444.82366667
   9078.06933333   9711.315       10344.56066667  10977.80633333  11611.052
  12244.29766667  12877.54333333  13510.789       14144.03466667
  14777.28033333  15410.526       16043.77166667  16677.01733333  17310.263
  17943.50866667  18576.75433333  19210.        ]",BTC,Bitfinex
exchange,"[688 124  26  56  18  18  41   5  16  31  36  34  34  28  21  15   9  20
   1   2   5   6   6   6   3   5   4   2   0   3]","[   212.63          845.87566667   1479.12133333   2112.367        2745.61266667
   3378.85833333   4012.104        4645.34966667   5278.59533333   5911.841
   6545.08666667   7178.33233333   7811.578        8444.82366667
   9078.06933333   9711.315       10344.56066667  10977.80633333  11611.052
  12244.29766667  12877.54333333  13510.789       14144.03466667
  14777.28033333  15410.526       16043.77166667  16677.01733333  17310.263
  17943.50866667  18576.75433333  19210.        ]",BTC,Bitfinex
