,Histogram,coin,exchange
0,"(5777.0, 6042.99, 41)",BTC,Bitfinex
1,"(6042.99, 6308.98, 225)",BTC,Bitfinex
2,"(6308.98, 6574.969999999999, 306)",BTC,Bitfinex
3,"(6574.969999999999, 6840.96, 310)",BTC,Bitfinex
4,"(6840.96, 7106.95, 6)",BTC,Bitfinex
5,"(7106.95, 7372.94, 80)",BTC,Bitfinex
6,"(7372.94, 7638.929999999999, 258)",BTC,Bitfinex
7,"(7638.929999999999, 7904.92, 119)",BTC,Bitfinex
8,"(7904.92, 8170.91, 24)",BTC,Bitfinex
9,"(8170.91, 8436.9, 52)",BTC,Bitfinex
